Wall ID,W1
Wall Height,349.999999999983
Wall Width,25
Wall Length,2281.67017793439
Wall Volume,19.9646140569249
Wall Connections,B17,B18,B32,B33,S1,S4,S5,,
